 1, 1928, 44, "Emil Jannings", "The Last Command, The Way of All Flesh"
 2, 1929, 41, "Warner Baxter", "In Old Arizona"
 3, 1930, 62, "George Arliss", "Disraeli"
 4, 1931, 53, "Lionel Barrymore", "A Free Soul"
 5, 1932, 47, "Wallace Beery", "The Champ"
 6, 1933, 35, "Fredric March", "Dr. Jekyll and Mr. Hyde"
 7, 1934, 34, "Charles Laughton", "The Private Life of Henry VIII"
 8, 1935, 34, "Clark Gable", "It Happened One Night"
 9, 1936, 49, "Victor McLaglen", "The Informer"	
10, 1937, 41, "Paul Muni", "The Story of Louis Pasteur"	
11, 1938, 37, "Spencer Tracy", "Captains Courageous"
12, 1939, 38, "Spencer Tracy", "Boys Town"
13, 1940, 34, "Robert Donat", "Goodbye, Mr. Chips"	
14, 1941, 32, "James Stewart", "The Philadelphia Story"
15, 1942, 40, "Gary Cooper", "Sergeant York"
16, 1943, 43, "James Cagney", "Yankee Doodle Dandy"	
17, 1944, 48, "Paul Lukas", "Watch on the Rhine"	
18, 1945, 41, "Bing Crosby", "Going My Way"
19, 1946, 39, "Ray Milland", "The Lost Weekend" 	
20, 1947, 49, "Fredric March", "The Best Years of Our Lives"
21, 1948, 57, "Ronald Colman", "A Double Life"
22, 1949, 41, "Laurence Olivier", "Hamlet"
23, 1950, 38, "Broderick Crawford", "All the King's Men"
24, 1951, 39, "Jos√© Ferrer", "Cyrano de Bergerac"
25, 1952, 52, "Humphrey Bogart", "The African Queen"
26, 1953, 51, "Gary Cooper", "High Noon"
27, 1954, 35, "William Holden", "Stalag 17"
28, 1955, 30, "Marlon Brando", "On the Waterfront"
29, 1956, 39, "Ernest Borgnine", "Marty"
30, 1957, 36, "Yul Brynner", "The King and I"
31, 1958, 43, "Alec Guinness", "The Bridge on the River Kwai"
32, 1959, 49, "David Niven", "Separate Tables"
33, 1960, 36, "Charlton Heston", "Ben-Hur"
34, 1961, 47, "Burt Lancaster", "Elmer Gantry"
35, 1962, 31, "Maximilian Schell", "Judgment at Nuremberg"	
36, 1963, 47, "Gregory Peck", "To Kill a Mockingbird"
37, 1964, 37, "Sidney Poitier", "Lilies of the Field"
38, 1965, 57, "Rex Harrison", "My Fair Lady"
39, 1966, 42, "Lee Marvin", "Cat Ballou"	
40, 1967, 45, "Paul Scofield", "A Man for All Seasons"
41, 1968, 42, "Rod Steiger", "In the Heat of the Night"	
42, 1969, 45, "Cliff Robertson", "Charly"
43, 1970, 62, "John Wayne", "True Grit"
44, 1971, 43, "George C. Scott", "Patton"
45, 1972, 42, "Gene Hackman", "The French Connection"
